0,wqblicvi,17,OrderEntryClerk,16908
1,ixueeg,21,MarketResearchAnalyst,9857
2,aqnlmul,18,MarketingAssistant,7975
3,wtpdqch,25,EmployerRelationsRepresentative,18814
4,osmxk,22,MarketingIntern,8836
5,csjgujoep,21,AuditManager,6672
6,gycbj,20,SalesAdministrator,5659
7,egedxgq,18,ProductionManager,18244
8,ytgc,26,ActuarialAnalyst,9619
9,dbrrcb,18,SalesAssistant,12610
10,pveqm,22,GeneralManager,7955
11,mhjot,27,GeneralOfficeClerk,6813
12,azpubgtt,19,OrderEntryClerk,16861
13,amkzgofc,23,AdministrativeDirector,17400
14,zhfsug,26,Operator,13760
15,gdjwj,26,AccountsReceivableClerk,8983
16,mnbhfsegi,22,TrainingSpecialist,14360
17,tmychxjpy,25,President,11541
18,ntwbhvdr,24,ComputerTechnician,7173
19,gnyvfih,24,RetailBuyer,10468
20,hjrxnmi,21,AssistantVPHR,10141
21,kztazvvuj,19,TaxAccountant,7400
22,khetwql,20,DevelopmentalEngineer,10878
23,ltrsr,20,AdministrationAssistant,8878
24,sxdozwgcs,26,TrainingCoordinator,7093
25,uwrqek,24,FinancialManager,10132
26,tlsoucpq,17,visitingprofessor,7626
27,rttxqsf,24,MarketingAssistant,6969
28,ltgobdq,18,Compensation&BenefitManager,13449
29,arol,21,TaxAccountant,13573
30,pofflfryg,22,Bookkeeper,10167
31,kgvwfiqbt,21,SalesAdministrator,18570
32,cqpxfi,27,ChiefFinancialOfficer,5055
33,mtvllx,24,OperationsAnalyst,6593
34,fhmcmml,22,Vice-PresidentofAdministration,11194
35,pwmnuxtpn,19,SystemsEngineer,17277
36,bgdmzmn,19,Vice-President,14118
37,rsnfhjag,23,ChiefFinancialOfficer,14588
38,skcb,18,Bookkeeper,18788
39,wssery,24,MarketingConsultant,19956
40,xbpyv,22,FinancialConsultant,13079
41,zhfyeatl,23,SalesRepresentative,16426
42,myutbmtq,21,AdministrativeDirector,19133
43,nrut,21,ComputerOperationsSupervisor,9262
44,kstcc,19,MarketingManager,9142
45,otiypmmiw,21,StaffAuditor,19462
46,fpejyg,22,GeneralManager,10642
47,seqttjo,20,AccountingPayableClerk,14731
48,qqaws,21,GeneralOfficeClerk,7779
49,jhkruhyho,24,StaffAuditor,6735
50,wkqtkiwya,20,PurchasingAgent,12994
51,ajguzyrt,27,MISManager,8294
52,ursnvgrbg,17,AccountingClerk,17031
53,upuo,27,AccountingManager,6833
54,dpiioqgo,26,AccountingClerk,14421
55,hfafa,17,GeneralManager,5449
56,mecoiy,19,Vice-PresidentofAdministration,19416
57,odlzy,27,CertifiedPublicAccountant,6613
58,tsozv,20,FinancialManager,14259
59,wpdbanlrm,18,FinancialConsultant,12540
60,dncedc,22,FinancialConsultant,16170
61,pmtwqh,17,SystemsProgrammer,19136
62,mrmwisgr,20,CollectionsOfficer,5825
63,dyja,27,AdministrationAssistant,19799
64,lcoprymc,23,AdministrativeDirector,12583
65,cwblupy,23,SeniorAccountant,16349
66,vzpb,22,Typist,7780
67,gipsdv,26,MarketingIntern,8333
68,tlhw,22,SalesRepresentative,9182
69,woptkbrpr,25,ProductManager,8912
70,ewlq,20,SalesExecutive,8181
71,giiyaer,22,VPMarketing,16314
72,mojgbl,26,HardwareEngineer,13873
73,tixuoz,23,AssistantVP,7081
74,ldia,24,ComputerOperator,16215
75,fdzenvv,26,Vice-President,13881
76,rwzhetl,19,TransportationManager,9078
77,ampusbwkx,25,MarketingConsultant,7120
78,kfelld,23,Auditor,18589
79,yfdecrt,27,Vice-PresidentofAdministration,16160
80,cfbkofw,23,Typist,17093
81,tsgikac,22,Auditor,6831
82,jpsdxgote,25,SystemsEngineer,7622
83,fdrsceqop,20,ProductionManager,7252
84,amqc,27,AccountingManager,15633
85,glmlnba,23,HRDirector,19028
86,bnuq,22,ComputerOperator,11657
87,sruznvz,25,RegionalAccountManager,7609
88,uwad,17,AdministrationAssistant,15154
89,oale,18,Payroller,16547
90,nlxqvka,18,Auditor,19161
91,eacjwla,19,HardwareEngineer,5963
92,kmgicm,17,SalesExecutive,9822
93,rdhp,27,DevelopmentalEngineer,19920
94,hwlsw,19,SalesManager,7062
95,wvzpus,27,ComputerOperator,18755
96,whbvyuxw,25,Payroller,10203
97,fedexueke,20,MarketingIntern,18973
98,esul,22,Telemarketer,10648
99,zigoeqa,20,RetailBuyer,17663
